{
  "rmse": 0.9632138641363565,
  "mae": 0.5530879862022494,
  "r2": 0.27574285661345266,
  "directional_accuracy": 0.43137254901960786,
  "reweight_every": 5,
  "initial_weights": {
    "lq": 0.25,
    "lg": 0.45,
    "lh": 0.3
  }
}