{
  "accuracy": 0.6923076923076923,
  "precision": 0.16666666666666666,
  "recall": 0.25,
  "f1": 0.2,
  "auc_roc": 0.53125,
  "threshold": 0.07716627078761307
}