{
  "accuracy": 0.12244897959183673,
  "precision": 0.12244897959183673,
  "recall": 1.0,
  "f1": 0.21818181818181817
}