{
  "rmse": 0.9321628500082161,
  "mae": 0.7660353144891612,
  "r2": -0.01312982776335958,
  "directional_accuracy": 0.4166666666666667
}