{
  "rmse": 0.988491601106232,
  "mae": 0.5793742676098438,
  "r2": 0.2372305255742284,
  "directional_accuracy": 0.45098039215686275
}