{
  "sizes": [
    30,
    50,
    80,
    120,
    160,
    200,
    250,
    296
  ],
  "LSR": [
    -0.3657847315085496,
    -0.316945494909207,
    -0.010493833604757308,
    -0.018963786931152304,
    -0.004026820994553981,
    -0.030873300573940332,
    -0.01937739672081351,
    0.0701398054969169
  ],
  "KRR_classical": [
    -0.058579966482721124,
    -0.07229323247788288,
    -0.009909159179480431,
    -0.018468955884671567,
    -0.008988975037073299,
    -0.05282618129699013,
    -0.01047802360770178,
    0.14437638308796352
  ],
  "KRR_QG": [
    0.03265056335013572,
    0.012749152882068238,
    -0.016972830927382665,
    -0.10451483287983598,
    0.0340021923913868,
    -1.5250603600537898,
    -0.2187081244592075,
    0.08906413414620151
  ],
  "HQG_KRR": [
    -0.0755098201412161,
    -0.08337542522486774,
    -0.045921947623668746,
    -0.0755654671759236,
    -0.035652188276136254,
    -0.5308255674601847,
    -0.1407077122390339,
    0.11255852546463085
  ]
}