pair,total_gc,peak_frequency_hz,peak_gc_value,dominant_period_months
D->C,7.107772,2.870874,3.510606,0.35
D->R_cl,6.065697,2.883466,3.426612,0.35
D->R_fin,7.246863,2.367212,3.952739,0.42
C->R_cl,3.545925,2.870874,2.107749,0.35
C->R_fin,4.490918,2.883466,2.34956,0.35
R_cl->R_fin,3.689712,2.379804,2.134472,0.42
