pair,total_gc,peak_frequency_hz,peak_gc_value,dominant_period_months
D->C,3.114568,0.132211,8.100631,7.56
D->R_cl,1.783866,0.0,4.427304,inf
D->R_fin,3.906968,0.132211,9.315092,7.56
C->R_cl,1.134437,0.138507,1.951353,7.22
C->R_fin,1.807456,0.138507,5.153976,7.22
R_cl->R_fin,1.374035,0.0,3.161972,inf
