{
  "peaks_hz": [
    0.13850709093983055
  ],
  "harmonics_hz": [
    0.13851,
    0.27701,
    0.41552
  ]
}