{
  "selected_lag": 3,
  "aic": -16.681858848488776,
  "bic": 6.112070820863842,
  "d": 25
}