{
  "rmse": 1.017773709319911,
  "mae": 0.676719630829277,
  "r2": 0.19137010401297871,
  "directional_accuracy": 0.5490196078431373,
  "cls_accuracy": 0.8461538461538461,
  "cls_precision": 0.0,
  "cls_recall": 0.0,
  "cls_f1": 0.0,
  "cls_auc_roc": 0.46022727272727276
}