{
  "rmse": 0.9469947442588448,
  "mae": 0.7711910768592181,
  "r2": -0.04562668361244526,
  "directional_accuracy": 0.5833333333333334,
  "cls_accuracy": 0.4489795918367347,
  "cls_precision": 0.45161290322580644,
  "cls_recall": 0.5833333333333334,
  "cls_f1": 0.509090909090909,
  "cls_auc_roc": 0.4866666666666667
}