{
  "rmse": 1.1675905658637573,
  "mae": 0.9887195069061797,
  "r2": -0.589507840998416,
  "directional_accuracy": 0.4583333333333333
}