{
  "rmse": 1.032866603609718,
  "mae": 0.6154794676678167,
  "r2": 0.16720941260458932,
  "directional_accuracy": 0.45098039215686275
}