model,rmse_vix,r2_vix,f1_stress,auc_stress
LSR,0.9469947442588448,-0.04562668361244526,0.509090909090909,0.4866666666666667
RBF-SVM,1.0948778451260555,-0.3976964302192043,0.2777777777777778,0.4716666666666667
RF,0.9246385924041007,0.0031597805156952097,,
LSTM,1.1675905658637573,-0.589507840998416,,
VAR,0.9464247523313691,0.015742248653461854,,
QSVM,,,0.19047619047619047,
QKR,1.110061968343604,-0.43673267016888206,,
