{
  "rmse": 1.0948778451260555,
  "mae": 0.8836525252462928,
  "r2": -0.3976964302192043,
  "directional_accuracy": 0.5208333333333334,
  "cls_accuracy": 0.46938775510204084,
  "cls_precision": 0.4166666666666667,
  "cls_recall": 0.20833333333333334,
  "cls_f1": 0.2777777777777778,
  "cls_auc_roc": 0.4716666666666667
}