{
  "rmse": 1.0387740638436516,
  "mae": 0.7286212350829261,
  "r2": 0.15765591119457645,
  "directional_accuracy": 0.5098039215686274,
  "cls_accuracy": 0.8461538461538461,
  "cls_precision": 0.0,
  "cls_recall": 0.0,
  "cls_f1": 0.0,
  "cls_auc_roc": 0.39204545454545453
}