{
  "rmse": 1.168217068739917,
  "mae": 0.9405092465635954,
  "r2": -0.06535520513029991,
  "directional_accuracy": 0.45098039215686275
}