{
  "rmse": 0.9246385924041007,
  "mae": 0.7677808966332661,
  "r2": 0.0031597805156952097,
  "directional_accuracy": 0.5625
}