{
  "rmse": 0.9464247523313691,
  "mae": 0.7475064561928775,
  "r2": 0.015742248653461854,
  "directional_accuracy": 0.8076923076923077
}