{
  "rmse": 1.1794933303807034,
  "mae": 0.7820544439619771,
  "r2": -0.08032327785171733,
  "directional_accuracy": 0.5294117647058824
}