{
  "rmse": 1.110061968343604,
  "mae": 0.8406623868515821,
  "r2": -0.43673267016888206,
  "directional_accuracy": 0.4791666666666667
}