{
  "rmse": 1.1531653281623666,
  "mae": 0.8606350601407884,
  "r2": -0.03807920093054018,
  "directional_accuracy": 0.6274509803921569
}