{
  "accuracy": 0.6530612244897959,
  "precision": 0.13333333333333333,
  "recall": 0.3333333333333333,
  "f1": 0.19047619047619047
}